[{"jid":"558198904324@s.whatsapp.net","xp":10,"level":1},{"jid":"554398434473@s.whatsapp.net","xp":17,"level":1},{"jid":"15797000729@s.whatsapp.net","xp":2,"level":1},{"jid":"5527997751769@s.whatsapp.net","xp":33,"level":1},{"jid":"5511957505042@s.whatsapp.net","xp":8,"level":1},{"jid":"554497763474@s.whatsapp.net","xp":22000483878,"level":2188},{"jid":"557191269364@s.whatsapp.net","xp":3097194,"level":10},{"jid":"5511941132548@s.whatsapp.net","xp":14,"level":1},{"jid":"5511941132548@s.whatsapp.net","xp":55417,"level":4},{"jid":"5517988395987@s.whatsapp.net","xp":206474,"level":6},{"jid":"5521969536698@s.whatsapp.net","xp":102345,"level":5},{"jid":"5511999871344@s.whatsapp.net","xp":610601,"level":7},{"jid":"556484083487@s.whatsapp.net","xp":933708,"level":8},{"jid":"5518991729455@s.whatsapp.net","xp":18000199343,"level":1786},{"jid":"5511934761400@s.whatsapp.net","xp":110926,"level":5},{"jid":"5511934851149@s.whatsapp.net","xp":59838,"level":4},{"jid":"554199594384@s.whatsapp.net","xp":31309,"level":3},{"jid":"553195864565@s.whatsapp.net","xp":1,"level":1},{"jid":"558184015750@s.whatsapp.net","xp":110480,"level":5},{"jid":"5514996032535@s.whatsapp.net","xp":1012,"level":1},{"jid":"557599055151@s.whatsapp.net","xp":503,"level":1},{"jid":"5511999992367@s.whatsapp.net","xp":22179,"level":3},{"jid":"18177101453@s.whatsapp.net","xp":1506,"level":1},{"jid":"18177101453@s.whatsapp.net","xp":51457,"level":4},{"jid":"5518991309465@s.whatsapp.net","xp":194768,"level":6},{"jid":"5511999992367@s.whatsapp.net","xp":66072,"level":4},{"jid":"5515996456407@s.whatsapp.net","xp":5033,"level":2},{"jid":"554896947145@s.whatsapp.net","xp":12091,"level":2},{"jid":"553192938773@s.whatsapp.net","xp":4049,"level":1},{"jid":"553192938773@s.whatsapp.net","xp":49929,"level":4},{"jid":"554896947145@s.whatsapp.net","xp":12128,"level":2},{"jid":"5511951978982@s.whatsapp.net","xp":1506,"level":1},{"jid":"557996835841@s.whatsapp.net","xp":1505,"level":1},{"jid":"556492933568@s.whatsapp.net","xp":3036,"level":1},{"jid":"5521989554259@s.whatsapp.net","xp":1009,"level":1},{"jid":"5511994861106@s.whatsapp.net","xp":3017,"level":1},{"jid":"5511975936367@s.whatsapp.net","xp":508,"level":1},{"jid":"5511975936367@s.whatsapp.net","xp":2679,"level":1},{"jid":"5515996456407@s.whatsapp.net","xp":12960,"level":2},{"jid":"559391633626@s.whatsapp.net","xp":294702,"level":6},{"jid":"554898164095@s.whatsapp.net","xp":19712,"level":3},{"jid":"5511930023690@s.whatsapp.net","xp":19687,"level":3},{"jid":"13376368347@s.whatsapp.net","xp":2022,"level":1},{"jid":"13376368347@s.whatsapp.net","xp":142357,"level":5},{"jid":"553492650763@s.whatsapp.net","xp":29755,"level":3},{"jid":"5521965668352@s.whatsapp.net","xp":18128,"level":3},{"jid":"554199594384@s.whatsapp.net","xp":299672,"level":6},{"jid":"5511966045756@s.whatsapp.net","xp":7577,"level":2},{"jid":"553492650763@s.whatsapp.net","xp":11605,"level":2},{"jid":"558386555988@s.whatsapp.net","xp":12109,"level":2},{"jid":"5511930023690@s.whatsapp.net","xp":23708,"level":3},{"jid":"554898164095@s.whatsapp.net","xp":97877,"level":5},{"jid":"558188436970@s.whatsapp.net","xp":34793,"level":3},{"jid":"553496972283@s.whatsapp.net","xp":2021,"level":1},{"jid":"554799001081@s.whatsapp.net","xp":1,"level":1},{"jid":"5511994480148@s.whatsapp.net","xp":3523,"level":1},{"jid":"554791556843@s.whatsapp.net","xp":1515,"level":1},{"jid":"5521982302836@s.whatsapp.net","xp":58553,"level":4},{"jid":"552182302836@s.whatsapp.net","xp":3521,"level":1},{"jid":"559985199104@s.whatsapp.net","xp":1,"level":1},{"jid":"5511995296077@s.whatsapp.net","xp":1,"level":1},{"jid":"557186227679@s.whatsapp.net","xp":1,"level":1},{"jid":"558288689062@s.whatsapp.net","xp":1,"level":1},{"jid":"555591788978@s.whatsapp.net","xp":1,"level":1},{"jid":"5511941002808@s.whatsapp.net","xp":1,"level":1},{"jid":"558386156486@s.whatsapp.net","xp":1,"level":1}]