[{"id":"556993899391@s.whatsapp.net","limit":1},{"id":"554497763474@s.whatsapp.net","limit":294},{"id":"557191269364@s.whatsapp.net","limit":1007},{"id":"5521969536698@s.whatsapp.net","limit":8},{"id":"5511999871344@s.whatsapp.net","limit":188},{"id":"5518991729455@s.whatsapp.net","limit":57},{"id":"5517988395987@s.whatsapp.net","limit":20},{"id":"5511934851149@s.whatsapp.net","limit":17},{"id":"556484083487@s.whatsapp.net","limit":249},{"id":"5511934761400@s.whatsapp.net","limit":6},{"id":"558184015750@s.whatsapp.net","limit":2},{"id":"18177101453@s.whatsapp.net","limit":19},{"id":"5511941132548@s.whatsapp.net","limit":2},{"id":"553192938773@s.whatsapp.net","limit":20},{"id":"5511975936367@s.whatsapp.net","limit":2},{"id":"5515996456407@s.whatsapp.net","limit":3},{"id":"554896947145@s.whatsapp.net","limit":3},{"id":"5511999992367@s.whatsapp.net","limit":8},{"id":"559391633626@s.whatsapp.net","limit":36},{"id":"13376368347@s.whatsapp.net","limit":2},{"id":"554199594384@s.whatsapp.net","limit":15},{"id":"5518991309465@s.whatsapp.net","limit":8},{"id":"5521982302836@s.whatsapp.net","limit":2},{"id":"559985199104@s.whatsapp.net","limit":2},{"id":"5511995296077@s.whatsapp.net","limit":6},{"id":"558386156486@s.whatsapp.net","limit":2}]