[{"id":"556993899391@s.whatsapp.net","name":"Zeus","age":"16","time":"23/02 08:16:37","serial":"f3ec3965974b8fe058b5"},{"id":"554497763474@s.whatsapp.net","name":"kkx","age":"16","time":"18/03 17:49:27","serial":"781e5c275ea3dfe84381"},{"id":"557191269364@s.whatsapp.net","name":"Crj","age":"16","time":"18/03 18:01:14","serial":"e0c90edea605e6573c52"},{"id":"5511941132548@s.whatsapp.net","name":"Luiz","age":"19","time":"18/03 21:00:54","serial":"8c8e72b7673f752430c0"},{"id":"5517988395987@s.whatsapp.net","name":"juninEdilmison","age":"50","time":"19/03 00:20:29","serial":"5813486982d3fbc036e0"},{"id":"5521969536698@s.whatsapp.net","name":"live","age":"14","time":"23/03 01:15:03","serial":"1f18477b067656f5c465"},{"id":"5511999871344@s.whatsapp.net","name":"sans","age":"15","time":"23/03 01:16:13","serial":"4e406abb005746fd5754"},{"id":"556484083487@s.whatsapp.net","name":"Neji","age":"13","time":"23/03 02:09:27","serial":"572d647fcef06b6c89a6"},{"id":"5518991729455@s.whatsapp.net","name":"Maico","age":"15","time":"23/03 20:02:53","serial":"799c354a50e2cafb1b17"},{"id":"5511934761400@s.whatsapp.net","name":"Karl","age":"Infinito","time":"24/03 00:28:08","serial":"e2745bfd97ce345c88c7"},{"id":"5511934851149@s.whatsapp.net","name":"bruno","age":"18","time":"24/03 02:00:03","serial":"76185f7a0afa5728c2db"},{"id":"553195864565@s.whatsapp.net","name":"sayuri","age":"16","time":"25/03 02:23:14","serial":"dbd4141c91c512e82962"},{"id":"558184015750@s.whatsapp.net","name":"hashi","age":"15","time":"26/03 06:25:59","serial":"94938b943ced294d4922"},{"id":"5521982302836@s.whatsapp.net","name":"Zero","age":"16","time":"03/04 02:03:53","serial":"3790bb1de4b8cc667f7c"},{"id":"5518991309465@s.whatsapp.net","name":"Yuu Otazaka","age":"15","time":"03/04 08:54:52","serial":"ad0b2acf8331075f46a0"},{"id":"5511999992367@s.whatsapp.net","name":"Lino","age":"14","time":"10/04 01:39:25","serial":"65e5cf6cc4a102a6d0b7"},{"id":"553192938773@s.whatsapp.net","name":"Najimi","age":"14","time":"10/04 02:06:41","serial":"10e78ef5b78ac477397f"},{"id":"554896947145@s.whatsapp.net","name":"Najimi","age":"14","time":"10/04 02:08:06","serial":"c95f0d52afb3e337b89c"},{"id":"5511975936367@s.whatsapp.net","name":"Rimuru","age":"18","time":"10/04 02:24:35","serial":"4fe58a66c6ee7afbb444"},{"id":"5515996456407@s.whatsapp.net","name":"rg pato","age":"16","time":"10/04 02:41:50","serial":"1f0402b1a3f43eed65ae"},{"id":"559391633626@s.whatsapp.net","name":"batman ","age":" 16","time":"14/04 20:22:01","serial":"5956a196c9cf8c742031"},{"id":"13376368347@s.whatsapp.net","name":"egrilo","age":"300","time":"15/04 06:00:15","serial":"70f874f1abfcb8d1f824"},{"id":"554199594384@s.whatsapp.net","name":"edu","age":"14","time":"15/04 21:25:03","serial":"e995c3fc4f5741593dc8"},{"id":"553492650763@s.whatsapp.net","name":"Tauã","age":"17","time":"15/04 23:26:33","serial":"838b2e3bb8039a83977b"},{"id":"5511930023690@s.whatsapp.net","name":"Lukinhas","age":"15","time":"17/04 00:24:17","serial":"b74c85d049d5df57c93d"},{"id":"554898164095@s.whatsapp.net","name":"Fox","age":"15","time":"17/04 00:30:58","serial":"7f74e60d72f8a213df98"},{"id":"554799001081@s.whatsapp.net","name":"katsuki","age":"18","time":"23/04 09:23:03","serial":"998e4a268119136164e4"},{"id":"5511994480148@s.whatsapp.net","name":"Henry","age":"15","time":"25/04 05:41:02","serial":"90a666f2e6e64d825911"},{"id":"554791556843@s.whatsapp.net","name":"Hiroto","age":"15","time":"25/04 05:43:33","serial":"d3150b52fd630b5094cf"},{"id":"559985199104@s.whatsapp.net","name":"Maria","age":"16","time":"29/04 04:10:14","serial":"53378d5736c7eb409c73"},{"id":"5511995296077@s.whatsapp.net","name":"Kkx","age":"16","time":"30/04 00:15:48","serial":"f8e452cc66e25e033423"},{"id":"557186227679@s.whatsapp.net","name":"Marquin","age":"16","time":"30/04 07:14:43","serial":"bc7e2da7b473db1ace5a"},{"id":"558288689062@s.whatsapp.net","name":"kimima","age":"15","time":"03/05 19:08:24","serial":"a11529eb489419285b00"},{"id":"555591788978@s.whatsapp.net","name":"Ricardo","age":"20","time":"03/05 19:55:51","serial":"e13e5602615a224039c8"},{"id":"5511941002808@s.whatsapp.net","name":";-;","age":"14","time":"04/05 22:29:01","serial":"b928e4f499858dcad42c"},{"id":"558386156486@s.whatsapp.net","name":"𝐄𝐑𝟑𝐍𝐙𝟏𝐍↯","age":"15","time":"05/05 18:54:59","serial":"3a8d90bfbb4c44d0c9cd"}]